Case ID;Activity;Complete Timestamp
60;START;2023-12-26 10:01:00
60;AUTOMOBILE DAMAGE APPRAISER LABELS RECORDS;2023-12-26 10:01:01
60;MACHINE LEARNING ENGINEER EVALUATES CLASSIFIER;2023-12-26 10:01:02
60;END;2023-12-26 10:01:02
61;START;2023-12-26 10:01:01
61;DATA ANALYST CONFIGURES INGESTION SYSTEM;2023-12-26 10:01:02
61;MACHINE LEARNING ENGINEER CONFIGURES PREPARATION SYSTEM;2023-12-26 10:01:03
61;DATA ANALYST CONFIGURES SEGREGATION SYSTEM;2023-12-26 10:01:04
61;MACHINE LEARNING ENGINEER CONFIGURES DEVELOPMENT SYSTEM;2023-12-26 10:01:05
61;DATA ANALYST CONFIGURES PRODUCTION SYSTEM;2023-12-26 10:01:06
61;DATA ANALYST CONFIGURES EVALUATION SYSTEM;2023-12-26 10:01:07
61;AUTOMOBILE DAMAGE APPRAISER LABELS RECORDS;2023-12-26 10:01:08
61;END;2023-12-26 10:01:08
62;START;2023-12-26 10:01:02
62;DATA ANALYST CONFIGURES INGESTION SYSTEM;2023-12-26 10:01:03
62;MACHINE LEARNING ENGINEER CONFIGURES PREPARATION SYSTEM;2023-12-26 10:01:04
62;DATA ANALYST CONFIGURES SEGREGATION SYSTEM;2023-12-26 10:01:05
62;MACHINE LEARNING ENGINEER CONFIGURES DEVELOPMENT SYSTEM;2023-12-26 10:01:06
62;DATA ANALYST CONFIGURES PRODUCTION SYSTEM;2023-12-26 10:01:07
62;AUTOMOBILE DAMAGE APPRAISER LABELS RECORDS;2023-12-26 10:01:08
62;END;2023-12-26 10:01:08
25;START;2023-12-26 10:00:25
25;AUTOMOBILE DAMAGE APPRAISER LABELS RECORDS;2023-12-26 10:00:26
25;END;2023-12-26 10:00:26
26;START;2023-12-26 10:00:26
26;DATA ANALYST CONFIGURES INGESTION SYSTEM;2023-12-26 10:00:27
26;MACHINE LEARNING ENGINEER CONFIGURES PREPARATION SYSTEM;2023-12-26 10:00:28
26;DATA ANALYST CONFIGURES SEGREGATION SYSTEM;2023-12-26 10:00:29
26;MACHINE LEARNING ENGINEER CONFIGURES DEVELOPMENT SYSTEM;2023-12-26 10:00:30
26;DATA ANALYST CONFIGURES PRODUCTION SYSTEM;2023-12-26 10:00:31
26;DATA ANALYST CONFIGURES EVALUATION SYSTEM;2023-12-26 10:00:32
26;AUTOMOBILE DAMAGE APPRAISER LABELS RECORDS;2023-12-26 10:00:33
26;END;2023-12-26 10:00:33
69;START;2023-12-26 10:01:09
69;END;2023-12-26 10:01:09
27;START;2023-12-26 10:00:27
27;DATA ANALYST CONFIGURES INGESTION SYSTEM;2023-12-26 10:00:28
27;MACHINE LEARNING ENGINEER CONFIGURES PREPARATION SYSTEM;2023-12-26 10:00:29
27;DATA ANALYST CONFIGURES SEGREGATION SYSTEM;2023-12-26 10:00:30
27;MACHINE LEARNING ENGINEER CONFIGURES DEVELOPMENT SYSTEM;2023-12-26 10:00:31
27;DATA ANALYST CONFIGURES PRODUCTION SYSTEM;2023-12-26 10:00:32
27;DATA ANALYST CONFIGURES EVALUATION SYSTEM;2023-12-26 10:00:33
27;END;2023-12-26 10:00:33
29;START;2023-12-26 10:00:29
29;DATA ANALYST CONFIGURES INGESTION SYSTEM;2023-12-26 10:00:30
29;MACHINE LEARNING ENGINEER CONFIGURES PREPARATION SYSTEM;2023-12-26 10:00:31
29;DATA ANALYST CONFIGURES SEGREGATION SYSTEM;2023-12-26 10:00:32
29;MACHINE LEARNING ENGINEER CONFIGURES DEVELOPMENT SYSTEM;2023-12-26 10:00:33
29;DATA ANALYST CONFIGURES PRODUCTION SYSTEM;2023-12-26 10:00:34
29;DATA ANALYST CONFIGURES EVALUATION SYSTEM;2023-12-26 10:00:35
29;AUTOMOBILE DAMAGE APPRAISER LABELS RECORDS;2023-12-26 10:00:36
29;DATA ANALYST CHECKS COVERAGE;2023-12-26 10:00:37
29;DATA ANALYST CONFIGURES INGESTION SYSTEM;2023-12-26 10:00:38
29;MACHINE LEARNING ENGINEER CONFIGURES PREPARATION SYSTEM;2023-12-26 10:00:39
29;DATA ANALYST CONFIGURES SEGREGATION SYSTEM;2023-12-26 10:00:40
29;MACHINE LEARNING ENGINEER CONFIGURES DEVELOPMENT SYSTEM;2023-12-26 10:00:41
29;DATA ANALYST CONFIGURES PRODUCTION SYSTEM;2023-12-26 10:00:42
29;DATA ANALYST CONFIGURES EVALUATION SYSTEM;2023-12-26 10:00:43
29;END;2023-12-26 10:00:43
28;START;2023-12-26 10:00:28
28;DATA ANALYST CONFIGURES INGESTION SYSTEM;2023-12-26 10:00:29
28;MACHINE LEARNING ENGINEER CONFIGURES PREPARATION SYSTEM;2023-12-26 10:00:30
28;DATA ANALYST CONFIGURES SEGREGATION SYSTEM;2023-12-26 10:00:31
28;MACHINE LEARNING ENGINEER CONFIGURES DEVELOPMENT SYSTEM;2023-12-26 10:00:32
28;DATA ANALYST CONFIGURES PRODUCTION SYSTEM;2023-12-26 10:00:33
28;DATA ANALYST CONFIGURES EVALUATION SYSTEM;2023-12-26 10:00:34
28;AUTOMOBILE DAMAGE APPRAISER LABELS RECORDS;2023-12-26 10:00:35
28;END;2023-12-26 10:00:35
7;START;2023-12-26 10:00:07
7;AUTOMOBILE DAMAGE APPRAISER LABELS RECORDS;2023-12-26 10:00:08
7;END;2023-12-26 10:00:08
6;START;2023-12-26 10:00:06
6;DATA ANALYST CONFIGURES INGESTION SYSTEM;2023-12-26 10:00:07
6;MACHINE LEARNING ENGINEER CONFIGURES PREPARATION SYSTEM;2023-12-26 10:00:08
6;DATA ANALYST CONFIGURES SEGREGATION SYSTEM;2023-12-26 10:00:09
6;MACHINE LEARNING ENGINEER CONFIGURES DEVELOPMENT SYSTEM;2023-12-26 10:00:10
6;DATA ANALYST CONFIGURES PRODUCTION SYSTEM;2023-12-26 10:00:11
6;DATA ANALYST CONFIGURES EVALUATION SYSTEM;2023-12-26 10:00:12
6;AUTOMOBILE DAMAGE APPRAISER LABELS RECORDS;2023-12-26 10:00:13
6;END;2023-12-26 10:00:13
8;START;2023-12-26 10:00:08
8;DATA ANALYST CONFIGURES INGESTION SYSTEM;2023-12-26 10:00:09
8;MACHINE LEARNING ENGINEER CONFIGURES PREPARATION SYSTEM;2023-12-26 10:00:10
8;DATA ANALYST CONFIGURES SEGREGATION SYSTEM;2023-12-26 10:00:11
8;MACHINE LEARNING ENGINEER CONFIGURES DEVELOPMENT SYSTEM;2023-12-26 10:00:12
8;DATA ANALYST CONFIGURES PRODUCTION SYSTEM;2023-12-26 10:00:13
8;AUTOMOBILE DAMAGE APPRAISER LABELS RECORDS;2023-12-26 10:00:14
8;DATA ANALYST CHECKS DATA BALANCING;2023-12-26 10:00:15
8;DATA ANALYST CONFIGURES INGESTION SYSTEM;2023-12-26 10:00:16
8;MACHINE LEARNING ENGINEER CONFIGURES PREPARATION SYSTEM;2023-12-26 10:00:17
8;DATA ANALYST CONFIGURES SEGREGATION SYSTEM;2023-12-26 10:00:18
8;MACHINE LEARNING ENGINEER CONFIGURES DEVELOPMENT SYSTEM;2023-12-26 10:00:19
8;DATA ANALYST CONFIGURES PRODUCTION SYSTEM;2023-12-26 10:00:20
8;AUTOMOBILE DAMAGE APPRAISER LABELS RECORDS;2023-12-26 10:00:21
8;END;2023-12-26 10:00:21
9;START;2023-12-26 10:00:09
9;DATA ANALYST CONFIGURES INGESTION SYSTEM;2023-12-26 10:00:10
9;MACHINE LEARNING ENGINEER CONFIGURES PREPARATION SYSTEM;2023-12-26 10:00:11
9;DATA ANALYST CONFIGURES PRODUCTION SYSTEM;2023-12-26 10:00:12
9;DATA ANALYST CONFIGURES EVALUATION SYSTEM;2023-12-26 10:00:13
9;END;2023-12-26 10:00:13
91;START;2023-12-26 10:01:31
91;DATA ANALYST CONFIGURES INGESTION SYSTEM;2023-12-26 10:01:32
91;MACHINE LEARNING ENGINEER CONFIGURES PREPARATION SYSTEM;2023-12-26 10:01:33
91;DATA ANALYST CONFIGURES SEGREGATION SYSTEM;2023-12-26 10:01:34
91;MACHINE LEARNING ENGINEER CONFIGURES DEVELOPMENT SYSTEM;2023-12-26 10:01:35
91;DATA ANALYST CONFIGURES PRODUCTION SYSTEM;2023-12-26 10:01:36
91;DATA ANALYST CONFIGURES EVALUATION SYSTEM;2023-12-26 10:01:37
91;AUTOMOBILE DAMAGE APPRAISER LABELS RECORDS;2023-12-26 10:01:38
91;MACHINE LEARNING ENGINEER EVALUATES CLASSIFIER;2023-12-26 10:01:39
91;END;2023-12-26 10:01:39
92;START;2023-12-26 10:01:32
92;DATA ANALYST CONFIGURES INGESTION SYSTEM;2023-12-26 10:01:33
92;MACHINE LEARNING ENGINEER CONFIGURES PREPARATION SYSTEM;2023-12-26 10:01:34
92;DATA ANALYST CONFIGURES SEGREGATION SYSTEM;2023-12-26 10:01:35
92;MACHINE LEARNING ENGINEER CONFIGURES DEVELOPMENT SYSTEM;2023-12-26 10:01:36
92;DATA ANALYST CONFIGURES PRODUCTION SYSTEM;2023-12-26 10:01:37
92;DATA ANALYST CONFIGURES EVALUATION SYSTEM;2023-12-26 10:01:38
92;AUTOMOBILE DAMAGE APPRAISER LABELS RECORDS;2023-12-26 10:01:39
92;END;2023-12-26 10:01:39
0;START;2023-12-26 10:00:00
0;DATA ANALYST CONFIGURES INGESTION SYSTEM;2023-12-26 10:00:01
0;MACHINE LEARNING ENGINEER CONFIGURES PREPARATION SYSTEM;2023-12-26 10:00:02
0;DATA ANALYST CONFIGURES SEGREGATION SYSTEM;2023-12-26 10:00:03
0;MACHINE LEARNING ENGINEER CONFIGURES DEVELOPMENT SYSTEM;2023-12-26 10:00:04
0;DATA ANALYST CONFIGURES PRODUCTION SYSTEM;2023-12-26 10:00:05
0;DATA ANALYST CONFIGURES EVALUATION SYSTEM;2023-12-26 10:00:06
0;END;2023-12-26 10:00:06
50;START;2023-12-26 10:00:50
50;DATA ANALYST CONFIGURES INGESTION SYSTEM;2023-12-26 10:00:51
50;MACHINE LEARNING ENGINEER CONFIGURES PREPARATION SYSTEM;2023-12-26 10:00:52
50;DATA ANALYST CONFIGURES SEGREGATION SYSTEM;2023-12-26 10:00:53
50;MACHINE LEARNING ENGINEER CONFIGURES DEVELOPMENT SYSTEM;2023-12-26 10:00:54
50;DATA ANALYST CONFIGURES PRODUCTION SYSTEM;2023-12-26 10:00:55
50;DATA ANALYST CONFIGURES EVALUATION SYSTEM;2023-12-26 10:00:56
50;AUTOMOBILE DAMAGE APPRAISER LABELS RECORDS;2023-12-26 10:00:57
50;END;2023-12-26 10:00:57
70;START;2023-12-26 10:01:10
70;DATA ANALYST CHECKS COVERAGE;2023-12-26 10:01:11
70;MACHINE LEARNING ENGINEER SETS #ITERATIONS;2023-12-26 10:01:12
70;MACHINE LEARNING ENGINEER CHECKS LEARNING PLOT;2023-12-26 10:01:13
70;MACHINE LEARNING ENGINEER CHECKS VALIDATION RESULTS;2023-12-26 10:01:14
70;MACHINE LEARNING ENGINEER SETS #ITERATIONS;2023-12-26 10:01:15
70;MACHINE LEARNING ENGINEER CHECKS LEARNING PLOT;2023-12-26 10:01:16
70;MACHINE LEARNING ENGINEER CHECKS VALIDATION RESULTS;2023-12-26 10:01:17
70;MACHINE LEARNING ENGINEER SETS #ITERATIONS;2023-12-26 10:01:18
70;MACHINE LEARNING ENGINEER CHECKS LEARNING PLOT;2023-12-26 10:01:19
70;MACHINE LEARNING ENGINEER SETS #ITERATIONS;2023-12-26 10:01:20
70;MACHINE LEARNING ENGINEER CHECKS LEARNING PLOT;2023-12-26 10:01:21
70;MACHINE LEARNING ENGINEER CHECKS VALIDATION RESULTS;2023-12-26 10:01:22
70;MACHINE LEARNING ENGINEER CHECKS TEST RESULTS;2023-12-26 10:01:23
70;MACHINE LEARNING ENGINEER EVALUATES CLASSIFIER;2023-12-26 10:01:24
70;DATA ANALYST CONFIGURES INGESTION SYSTEM;2023-12-26 10:01:25
70;MACHINE LEARNING ENGINEER CONFIGURES PREPARATION SYSTEM;2023-12-26 10:01:26
70;DATA ANALYST CONFIGURES SEGREGATION SYSTEM;2023-12-26 10:01:27
70;MACHINE LEARNING ENGINEER CONFIGURES DEVELOPMENT SYSTEM;2023-12-26 10:01:28
70;DATA ANALYST CONFIGURES PRODUCTION SYSTEM;2023-12-26 10:01:29
70;DATA ANALYST CONFIGURES EVALUATION SYSTEM;2023-12-26 10:01:30
70;AUTOMOBILE DAMAGE APPRAISER LABELS RECORDS;2023-12-26 10:01:31
70;END;2023-12-26 10:01:31
72;START;2023-12-26 10:01:12
72;DATA ANALYST CONFIGURES INGESTION SYSTEM;2023-12-26 10:01:13
72;MACHINE LEARNING ENGINEER CONFIGURES PREPARATION SYSTEM;2023-12-26 10:01:14
72;DATA ANALYST CONFIGURES SEGREGATION SYSTEM;2023-12-26 10:01:15
72;MACHINE LEARNING ENGINEER CONFIGURES DEVELOPMENT SYSTEM;2023-12-26 10:01:16
72;DATA ANALYST CONFIGURES PRODUCTION SYSTEM;2023-12-26 10:01:17
72;DATA ANALYST CONFIGURES EVALUATION SYSTEM;2023-12-26 10:01:18
72;END;2023-12-26 10:01:18
30;START;2023-12-26 10:00:30
30;AUTOMOBILE DAMAGE APPRAISER LABELS RECORDS;2023-12-26 10:00:31
30;END;2023-12-26 10:00:31
51;START;2023-12-26 10:00:51
51;AUTOMOBILE DAMAGE APPRAISER LABELS RECORDS;2023-12-26 10:00:52
51;END;2023-12-26 10:00:52
90;START;2023-12-26 10:01:30
90;DATA ANALYST CONFIGURES INGESTION SYSTEM;2023-12-26 10:01:31
90;MACHINE LEARNING ENGINEER CONFIGURES PREPARATION SYSTEM;2023-12-26 10:01:32
90;DATA ANALYST CONFIGURES SEGREGATION SYSTEM;2023-12-26 10:01:33
90;MACHINE LEARNING ENGINEER CONFIGURES DEVELOPMENT SYSTEM;2023-12-26 10:01:34
90;DATA ANALYST CONFIGURES PRODUCTION SYSTEM;2023-12-26 10:01:35
90;DATA ANALYST CONFIGURES EVALUATION SYSTEM;2023-12-26 10:01:36
90;AUTOMOBILE DAMAGE APPRAISER LABELS RECORDS;2023-12-26 10:01:37
90;DATA ANALYST CHECKS DATA BALANCING;2023-12-26 10:01:38
90;DATA ANALYST CONFIGURES INGESTION SYSTEM;2023-12-26 10:01:39
90;MACHINE LEARNING ENGINEER CONFIGURES PREPARATION SYSTEM;2023-12-26 10:01:40
90;DATA ANALYST CONFIGURES SEGREGATION SYSTEM;2023-12-26 10:01:41
90;MACHINE LEARNING ENGINEER CONFIGURES DEVELOPMENT SYSTEM;2023-12-26 10:01:42
90;DATA ANALYST CONFIGURES PRODUCTION SYSTEM;2023-12-26 10:01:43
90;DATA ANALYST CONFIGURES EVALUATION SYSTEM;2023-12-26 10:01:44
90;AUTOMOBILE DAMAGE APPRAISER LABELS RECORDS;2023-12-26 10:01:45
90;END;2023-12-26 10:01:45
94;START;2023-12-26 10:01:34
94;DATA ANALYST CONFIGURES INGESTION SYSTEM;2023-12-26 10:01:35
94;MACHINE LEARNING ENGINEER CONFIGURES PREPARATION SYSTEM;2023-12-26 10:01:36
94;DATA ANALYST CONFIGURES SEGREGATION SYSTEM;2023-12-26 10:01:37
94;MACHINE LEARNING ENGINEER CONFIGURES DEVELOPMENT SYSTEM;2023-12-26 10:01:38
94;DATA ANALYST CONFIGURES PRODUCTION SYSTEM;2023-12-26 10:01:39
94;DATA ANALYST CONFIGURES EVALUATION SYSTEM;2023-12-26 10:01:40
94;AUTOMOBILE DAMAGE APPRAISER LABELS RECORDS;2023-12-26 10:01:41
94;END;2023-12-26 10:01:41
73;START;2023-12-26 10:01:13
73;DATA ANALYST CONFIGURES INGESTION SYSTEM;2023-12-26 10:01:14
73;MACHINE LEARNING ENGINEER CONFIGURES PREPARATION SYSTEM;2023-12-26 10:01:15
73;DATA ANALYST CONFIGURES SEGREGATION SYSTEM;2023-12-26 10:01:16
73;MACHINE LEARNING ENGINEER CONFIGURES DEVELOPMENT SYSTEM;2023-12-26 10:01:17
73;DATA ANALYST CONFIGURES PRODUCTION SYSTEM;2023-12-26 10:01:18
73;DATA ANALYST CONFIGURES EVALUATION SYSTEM;2023-12-26 10:01:19
73;AUTOMOBILE DAMAGE APPRAISER LABELS RECORDS;2023-12-26 10:01:20
73;END;2023-12-26 10:01:20
3;START;2023-12-26 10:00:03
3;END;2023-12-26 10:00:03
4;START;2023-12-26 10:00:04
4;DATA ANALYST CONFIGURES INGESTION SYSTEM;2023-12-26 10:00:05
4;MACHINE LEARNING ENGINEER CONFIGURES PREPARATION SYSTEM;2023-12-26 10:00:06
4;DATA ANALYST CONFIGURES SEGREGATION SYSTEM;2023-12-26 10:00:07
4;MACHINE LEARNING ENGINEER CONFIGURES DEVELOPMENT SYSTEM;2023-12-26 10:00:08
4;DATA ANALYST CONFIGURES PRODUCTION SYSTEM;2023-12-26 10:00:09
4;DATA ANALYST CONFIGURES EVALUATION SYSTEM;2023-12-26 10:00:10
4;END;2023-12-26 10:00:10
5;START;2023-12-26 10:00:05
5;DATA ANALYST CONFIGURES INGESTION SYSTEM;2023-12-26 10:00:06
5;MACHINE LEARNING ENGINEER CONFIGURES PREPARATION SYSTEM;2023-12-26 10:00:07
5;DATA ANALYST CONFIGURES PRODUCTION SYSTEM;2023-12-26 10:00:08
5;DATA ANALYST CONFIGURES EVALUATION SYSTEM;2023-12-26 10:00:09
5;MACHINE LEARNING ENGINEER EVALUATES CLASSIFIER;2023-12-26 10:00:10
5;END;2023-12-26 10:00:10
93;START;2023-12-26 10:01:33
93;DATA ANALYST CONFIGURES INGESTION SYSTEM;2023-12-26 10:01:34
93;MACHINE LEARNING ENGINEER CONFIGURES PREPARATION SYSTEM;2023-12-26 10:01:35
93;DATA ANALYST CONFIGURES SEGREGATION SYSTEM;2023-12-26 10:01:36
93;MACHINE LEARNING ENGINEER CONFIGURES DEVELOPMENT SYSTEM;2023-12-26 10:01:37
93;DATA ANALYST CONFIGURES PRODUCTION SYSTEM;2023-12-26 10:01:38
93;DATA ANALYST CONFIGURES EVALUATION SYSTEM;2023-12-26 10:01:39
93;AUTOMOBILE DAMAGE APPRAISER LABELS RECORDS;2023-12-26 10:01:40
93;END;2023-12-26 10:01:40
14;START;2023-12-26 10:00:14
14;AUTOMOBILE DAMAGE APPRAISER LABELS RECORDS;2023-12-26 10:00:15
14;DATA ANALYST CHECKS DATA BALANCING;2023-12-26 10:00:16
14;DATA ANALYST CONFIGURES INGESTION SYSTEM;2023-12-26 10:00:17
14;MACHINE LEARNING ENGINEER CONFIGURES PREPARATION SYSTEM;2023-12-26 10:00:18
14;DATA ANALYST CONFIGURES PRODUCTION SYSTEM;2023-12-26 10:00:19
14;DATA ANALYST CONFIGURES EVALUATION SYSTEM;2023-12-26 10:00:20
14;AUTOMOBILE DAMAGE APPRAISER LABELS RECORDS;2023-12-26 10:00:21
14;END;2023-12-26 10:00:21
71;START;2023-12-26 10:01:11
71;AUTOMOBILE DAMAGE APPRAISER LABELS RECORDS;2023-12-26 10:01:12
71;END;2023-12-26 10:01:12
36;START;2023-12-26 10:00:36
36;DATA ANALYST CONFIGURES INGESTION SYSTEM;2023-12-26 10:00:37
36;MACHINE LEARNING ENGINEER CONFIGURES PREPARATION SYSTEM;2023-12-26 10:00:38
36;DATA ANALYST CONFIGURES SEGREGATION SYSTEM;2023-12-26 10:00:39
36;MACHINE LEARNING ENGINEER CONFIGURES DEVELOPMENT SYSTEM;2023-12-26 10:00:40
36;DATA ANALYST CONFIGURES PRODUCTION SYSTEM;2023-12-26 10:00:41
36;DATA ANALYST CONFIGURES EVALUATION SYSTEM;2023-12-26 10:00:42
36;MACHINE LEARNING ENGINEER EVALUATES CLASSIFIER;2023-12-26 10:00:43
36;DATA ANALYST CONFIGURES INGESTION SYSTEM;2023-12-26 10:00:44
36;MACHINE LEARNING ENGINEER CONFIGURES PREPARATION SYSTEM;2023-12-26 10:00:45
36;DATA ANALYST CONFIGURES SEGREGATION SYSTEM;2023-12-26 10:00:46
36;MACHINE LEARNING ENGINEER CONFIGURES DEVELOPMENT SYSTEM;2023-12-26 10:00:47
36;DATA ANALYST CONFIGURES PRODUCTION SYSTEM;2023-12-26 10:00:48
36;DATA ANALYST CONFIGURES EVALUATION SYSTEM;2023-12-26 10:00:49
36;MACHINE LEARNING ENGINEER EVALUATES CLASSIFIER;2023-12-26 10:00:50
36;DATA ANALYST CONFIGURES INGESTION SYSTEM;2023-12-26 10:00:51
36;MACHINE LEARNING ENGINEER CONFIGURES PREPARATION SYSTEM;2023-12-26 10:00:52
36;DATA ANALYST CONFIGURES SEGREGATION SYSTEM;2023-12-26 10:00:53
36;MACHINE LEARNING ENGINEER CONFIGURES DEVELOPMENT SYSTEM;2023-12-26 10:00:54
36;DATA ANALYST CONFIGURES PRODUCTION SYSTEM;2023-12-26 10:00:55
36;DATA ANALYST CONFIGURES EVALUATION SYSTEM;2023-12-26 10:00:56
36;END;2023-12-26 10:00:56
37;START;2023-12-26 10:00:37
37;END;2023-12-26 10:00:37
58;START;2023-12-26 10:00:58
58;AUTOMOBILE DAMAGE APPRAISER LABELS RECORDS;2023-12-26 10:00:59
58;END;2023-12-26 10:00:59
15;START;2023-12-26 10:00:15
15;DATA ANALYST CONFIGURES INGESTION SYSTEM;2023-12-26 10:00:16
15;MACHINE LEARNING ENGINEER CONFIGURES PREPARATION SYSTEM;2023-12-26 10:00:17
15;DATA ANALYST CONFIGURES SEGREGATION SYSTEM;2023-12-26 10:00:18
15;MACHINE LEARNING ENGINEER CONFIGURES DEVELOPMENT SYSTEM;2023-12-26 10:00:19
15;DATA ANALYST CONFIGURES PRODUCTION SYSTEM;2023-12-26 10:00:20
15;DATA ANALYST CONFIGURES EVALUATION SYSTEM;2023-12-26 10:00:21
15;AUTOMOBILE DAMAGE APPRAISER LABELS RECORDS;2023-12-26 10:00:22
15;END;2023-12-26 10:00:22
38;START;2023-12-26 10:00:38
38;DATA ANALYST CONFIGURES INGESTION SYSTEM;2023-12-26 10:00:39
38;MACHINE LEARNING ENGINEER CONFIGURES PREPARATION SYSTEM;2023-12-26 10:00:40
38;DATA ANALYST CONFIGURES SEGREGATION SYSTEM;2023-12-26 10:00:41
38;MACHINE LEARNING ENGINEER CONFIGURES DEVELOPMENT SYSTEM;2023-12-26 10:00:42
38;DATA ANALYST CONFIGURES PRODUCTION SYSTEM;2023-12-26 10:00:43
38;DATA ANALYST CONFIGURES EVALUATION SYSTEM;2023-12-26 10:00:44
38;END;2023-12-26 10:00:44
59;START;2023-12-26 10:00:59
59;DATA ANALYST CONFIGURES INGESTION SYSTEM;2023-12-26 10:01:00
59;MACHINE LEARNING ENGINEER CONFIGURES PREPARATION SYSTEM;2023-12-26 10:01:01
59;DATA ANALYST CONFIGURES SEGREGATION SYSTEM;2023-12-26 10:01:02
59;MACHINE LEARNING ENGINEER CONFIGURES DEVELOPMENT SYSTEM;2023-12-26 10:01:03
59;DATA ANALYST CONFIGURES PRODUCTION SYSTEM;2023-12-26 10:01:04
59;DATA ANALYST CONFIGURES EVALUATION SYSTEM;2023-12-26 10:01:05
59;AUTOMOBILE DAMAGE APPRAISER LABELS RECORDS;2023-12-26 10:01:06
59;END;2023-12-26 10:01:06
16;START;2023-12-26 10:00:16
16;DATA ANALYST CONFIGURES INGESTION SYSTEM;2023-12-26 10:00:17
16;MACHINE LEARNING ENGINEER CONFIGURES PREPARATION SYSTEM;2023-12-26 10:00:18
16;DATA ANALYST CONFIGURES SEGREGATION SYSTEM;2023-12-26 10:00:19
16;MACHINE LEARNING ENGINEER CONFIGURES DEVELOPMENT SYSTEM;2023-12-26 10:00:20
16;DATA ANALYST CONFIGURES PRODUCTION SYSTEM;2023-12-26 10:00:21
16;DATA ANALYST CONFIGURES EVALUATION SYSTEM;2023-12-26 10:00:22
16;END;2023-12-26 10:00:22
2;START;2023-12-26 10:00:02
2;AUTOMOBILE DAMAGE APPRAISER LABELS RECORDS;2023-12-26 10:00:03
2;END;2023-12-26 10:00:03
39;START;2023-12-26 10:00:39
39;END;2023-12-26 10:00:39
17;START;2023-12-26 10:00:17
17;DATA ANALYST CONFIGURES INGESTION SYSTEM;2023-12-26 10:00:18
17;MACHINE LEARNING ENGINEER CONFIGURES PREPARATION SYSTEM;2023-12-26 10:00:19
17;DATA ANALYST CONFIGURES SEGREGATION SYSTEM;2023-12-26 10:00:20
17;MACHINE LEARNING ENGINEER CONFIGURES DEVELOPMENT SYSTEM;2023-12-26 10:00:21
17;DATA ANALYST CONFIGURES PRODUCTION SYSTEM;2023-12-26 10:00:22
17;AUTOMOBILE DAMAGE APPRAISER LABELS RECORDS;2023-12-26 10:00:23
17;MACHINE LEARNING ENGINEER EVALUATES CLASSIFIER;2023-12-26 10:00:24
17;DATA ANALYST CONFIGURES INGESTION SYSTEM;2023-12-26 10:00:25
17;MACHINE LEARNING ENGINEER CONFIGURES PREPARATION SYSTEM;2023-12-26 10:00:26
17;DATA ANALYST CONFIGURES SEGREGATION SYSTEM;2023-12-26 10:00:27
17;MACHINE LEARNING ENGINEER CONFIGURES DEVELOPMENT SYSTEM;2023-12-26 10:00:28
17;DATA ANALYST CONFIGURES PRODUCTION SYSTEM;2023-12-26 10:00:29
17;AUTOMOBILE DAMAGE APPRAISER LABELS RECORDS;2023-12-26 10:00:30
17;END;2023-12-26 10:00:31
19;START;2023-12-26 10:00:19
19;DATA ANALYST CONFIGURES INGESTION SYSTEM;2023-12-26 10:00:20
19;MACHINE LEARNING ENGINEER CONFIGURES PREPARATION SYSTEM;2023-12-26 10:00:21
19;DATA ANALYST CONFIGURES SEGREGATION SYSTEM;2023-12-26 10:00:22
19;MACHINE LEARNING ENGINEER CONFIGURES DEVELOPMENT SYSTEM;2023-12-26 10:00:23
19;DATA ANALYST CONFIGURES PRODUCTION SYSTEM;2023-12-26 10:00:24
19;DATA ANALYST CONFIGURES EVALUATION SYSTEM;2023-12-26 10:00:25
19;AUTOMOBILE DAMAGE APPRAISER LABELS RECORDS;2023-12-26 10:00:26
19;END;2023-12-26 10:00:26
1;START;2023-12-26 10:00:01
1;AUTOMOBILE DAMAGE APPRAISER LABELS RECORDS;2023-12-26 10:00:02
1;MACHINE LEARNING ENGINEER EVALUATES CLASSIFIER;2023-12-26 10:00:03
1;END;2023-12-26 10:00:03
18;START;2023-12-26 10:00:18
18;DATA ANALYST CONFIGURES INGESTION SYSTEM;2023-12-26 10:00:19
18;MACHINE LEARNING ENGINEER CONFIGURES PREPARATION SYSTEM;2023-12-26 10:00:20
18;DATA ANALYST CONFIGURES SEGREGATION SYSTEM;2023-12-26 10:00:21
18;MACHINE LEARNING ENGINEER CONFIGURES DEVELOPMENT SYSTEM;2023-12-26 10:00:22
18;DATA ANALYST CONFIGURES PRODUCTION SYSTEM;2023-12-26 10:00:23
18;DATA ANALYST CONFIGURES EVALUATION SYSTEM;2023-12-26 10:00:24
18;END;2023-12-26 10:00:24
105;START;2023-12-26 10:01:45
105;DATA ANALYST CONFIGURES INGESTION SYSTEM;2023-12-26 10:01:46
105;MACHINE LEARNING ENGINEER CONFIGURES PREPARATION SYSTEM;2023-12-26 10:01:47
105;DATA ANALYST CONFIGURES SEGREGATION SYSTEM;2023-12-26 10:01:48
105;MACHINE LEARNING ENGINEER CONFIGURES DEVELOPMENT SYSTEM;2023-12-26 10:01:49
105;DATA ANALYST CONFIGURES PRODUCTION SYSTEM;2023-12-26 10:01:50
105;DATA ANALYST CONFIGURES EVALUATION SYSTEM;2023-12-26 10:01:51
105;AUTOMOBILE DAMAGE APPRAISER LABELS RECORDS;2023-12-26 10:01:52
105;END;2023-12-26 10:01:52
126;START;2023-12-26 10:02:06
126;END;2023-12-26 10:02:06
104;START;2023-12-26 10:01:44
104;AUTOMOBILE DAMAGE APPRAISER LABELS RECORDS;2023-12-26 10:01:45
104;END;2023-12-26 10:01:45
106;START;2023-12-26 10:01:46
106;END;2023-12-26 10:01:46
123;START;2023-12-26 10:02:03
123;DATA ANALYST CONFIGURES INGESTION SYSTEM;2023-12-26 10:02:04
123;MACHINE LEARNING ENGINEER CONFIGURES PREPARATION SYSTEM;2023-12-26 10:02:05
123;DATA ANALYST CONFIGURES SEGREGATION SYSTEM;2023-12-26 10:02:06
123;MACHINE LEARNING ENGINEER CONFIGURES DEVELOPMENT SYSTEM;2023-12-26 10:02:07
123;DATA ANALYST CONFIGURES PRODUCTION SYSTEM;2023-12-26 10:02:08
123;DATA ANALYST CONFIGURES EVALUATION SYSTEM;2023-12-26 10:02:09
123;AUTOMOBILE DAMAGE APPRAISER LABELS RECORDS;2023-12-26 10:02:10
123;END;2023-12-26 10:02:10
127;START;2023-12-26 10:02:07
127;DATA ANALYST CONFIGURES INGESTION SYSTEM;2023-12-26 10:02:08
127;MACHINE LEARNING ENGINEER CONFIGURES PREPARATION SYSTEM;2023-12-26 10:02:09
127;DATA ANALYST CONFIGURES SEGREGATION SYSTEM;2023-12-26 10:02:10
127;MACHINE LEARNING ENGINEER CONFIGURES DEVELOPMENT SYSTEM;2023-12-26 10:02:11
127;DATA ANALYST CONFIGURES PRODUCTION SYSTEM;2023-12-26 10:02:12
127;DATA ANALYST CONFIGURES EVALUATION SYSTEM;2023-12-26 10:02:13
127;END;2023-12-26 10:02:13
101;START;2023-12-26 10:01:41
101;END;2023-12-26 10:01:41
109;START;2023-12-26 10:01:49
109;DATA ANALYST CONFIGURES INGESTION SYSTEM;2023-12-26 10:01:50
109;MACHINE LEARNING ENGINEER CONFIGURES PREPARATION SYSTEM;2023-12-26 10:01:51
109;DATA ANALYST CONFIGURES SEGREGATION SYSTEM;2023-12-26 10:01:52
109;MACHINE LEARNING ENGINEER CONFIGURES DEVELOPMENT SYSTEM;2023-12-26 10:01:53
109;DATA ANALYST CONFIGURES PRODUCTION SYSTEM;2023-12-26 10:01:54
109;DATA ANALYST CONFIGURES EVALUATION SYSTEM;2023-12-26 10:01:55
109;AUTOMOBILE DAMAGE APPRAISER LABELS RECORDS;2023-12-26 10:01:56
109;END;2023-12-26 10:01:56
122;START;2023-12-26 10:02:02
122;DATA ANALYST CONFIGURES INGESTION SYSTEM;2023-12-26 10:02:03
122;MACHINE LEARNING ENGINEER CONFIGURES PREPARATION SYSTEM;2023-12-26 10:02:04
122;DATA ANALYST CONFIGURES SEGREGATION SYSTEM;2023-12-26 10:02:05
122;MACHINE LEARNING ENGINEER CONFIGURES DEVELOPMENT SYSTEM;2023-12-26 10:02:06
122;DATA ANALYST CONFIGURES PRODUCTION SYSTEM;2023-12-26 10:02:07
122;DATA ANALYST CONFIGURES EVALUATION SYSTEM;2023-12-26 10:02:08
122;END;2023-12-26 10:02:08
100;START;2023-12-26 10:01:40
100;DATA ANALYST CONFIGURES INGESTION SYSTEM;2023-12-26 10:01:41
100;MACHINE LEARNING ENGINEER CONFIGURES PREPARATION SYSTEM;2023-12-26 10:01:42
100;DATA ANALYST CONFIGURES SEGREGATION SYSTEM;2023-12-26 10:01:43
100;MACHINE LEARNING ENGINEER CONFIGURES DEVELOPMENT SYSTEM;2023-12-26 10:01:44
100;DATA ANALYST CONFIGURES PRODUCTION SYSTEM;2023-12-26 10:01:45
100;DATA ANALYST CONFIGURES EVALUATION SYSTEM;2023-12-26 10:01:46
100;END;2023-12-26 10:01:46
108;START;2023-12-26 10:01:48
108;DATA ANALYST CONFIGURES INGESTION SYSTEM;2023-12-26 10:01:49
108;MACHINE LEARNING ENGINEER CONFIGURES PREPARATION SYSTEM;2023-12-26 10:01:50
108;DATA ANALYST CONFIGURES SEGREGATION SYSTEM;2023-12-26 10:01:51
108;MACHINE LEARNING ENGINEER CONFIGURES DEVELOPMENT SYSTEM;2023-12-26 10:01:52
108;DATA ANALYST CONFIGURES PRODUCTION SYSTEM;2023-12-26 10:01:53
108;DATA ANALYST CONFIGURES EVALUATION SYSTEM;2023-12-26 10:01:54
108;END;2023-12-26 10:01:54
107;START;2023-12-26 10:01:47
107;DATA ANALYST CONFIGURES INGESTION SYSTEM;2023-12-26 10:01:48
107;MACHINE LEARNING ENGINEER CONFIGURES PREPARATION SYSTEM;2023-12-26 10:01:49
107;DATA ANALYST CONFIGURES SEGREGATION SYSTEM;2023-12-26 10:01:50
107;MACHINE LEARNING ENGINEER CONFIGURES DEVELOPMENT SYSTEM;2023-12-26 10:01:51
107;DATA ANALYST CONFIGURES PRODUCTION SYSTEM;2023-12-26 10:01:52
107;DATA ANALYST CONFIGURES EVALUATION SYSTEM;2023-12-26 10:01:53
107;AUTOMOBILE DAMAGE APPRAISER LABELS RECORDS;2023-12-26 10:01:54
107;END;2023-12-26 10:01:54
120;START;2023-12-26 10:02:00
120;DATA ANALYST CONFIGURES INGESTION SYSTEM;2023-12-26 10:02:01
120;MACHINE LEARNING ENGINEER CONFIGURES PREPARATION SYSTEM;2023-12-26 10:02:02
120;DATA ANALYST CONFIGURES SEGREGATION SYSTEM;2023-12-26 10:02:03
120;MACHINE LEARNING ENGINEER CONFIGURES DEVELOPMENT SYSTEM;2023-12-26 10:02:04
120;DATA ANALYST CONFIGURES PRODUCTION SYSTEM;2023-12-26 10:02:05
120;DATA ANALYST CONFIGURES EVALUATION SYSTEM;2023-12-26 10:02:06
120;END;2023-12-26 10:02:06
128;START;2023-12-26 10:02:08
128;DATA ANALYST CONFIGURES INGESTION SYSTEM;2023-12-26 10:02:09
128;MACHINE LEARNING ENGINEER CONFIGURES PREPARATION SYSTEM;2023-12-26 10:02:10
128;DATA ANALYST CONFIGURES SEGREGATION SYSTEM;2023-12-26 10:02:11
128;MACHINE LEARNING ENGINEER CONFIGURES DEVELOPMENT SYSTEM;2023-12-26 10:02:12
128;DATA ANALYST CONFIGURES PRODUCTION SYSTEM;2023-12-26 10:02:13
128;DATA ANALYST CONFIGURES EVALUATION SYSTEM;2023-12-26 10:02:14
128;AUTOMOBILE DAMAGE APPRAISER LABELS RECORDS;2023-12-26 10:02:15
128;END;2023-12-26 10:02:15
121;START;2023-12-26 10:02:01
121;AUTOMOBILE DAMAGE APPRAISER LABELS RECORDS;2023-12-26 10:02:02
121;END;2023-12-26 10:02:02
129;START;2023-12-26 10:02:09
129;DATA ANALYST CONFIGURES INGESTION SYSTEM;2023-12-26 10:02:10
129;MACHINE LEARNING ENGINEER CONFIGURES PREPARATION SYSTEM;2023-12-26 10:02:11
129;DATA ANALYST CONFIGURES SEGREGATION SYSTEM;2023-12-26 10:02:12
129;MACHINE LEARNING ENGINEER CONFIGURES DEVELOPMENT SYSTEM;2023-12-26 10:02:13
129;DATA ANALYST CONFIGURES PRODUCTION SYSTEM;2023-12-26 10:02:14
129;DATA ANALYST CONFIGURES EVALUATION SYSTEM;2023-12-26 10:02:15
129;AUTOMOBILE DAMAGE APPRAISER LABELS RECORDS;2023-12-26 10:02:16
129;END;2023-12-26 10:02:16
79;START;2023-12-26 10:01:19
79;DATA ANALYST CONFIGURES INGESTION SYSTEM;2023-12-26 10:01:20
79;MACHINE LEARNING ENGINEER CONFIGURES PREPARATION SYSTEM;2023-12-26 10:01:21
79;DATA ANALYST CONFIGURES SEGREGATION SYSTEM;2023-12-26 10:01:22
79;MACHINE LEARNING ENGINEER CONFIGURES DEVELOPMENT SYSTEM;2023-12-26 10:01:23
79;DATA ANALYST CONFIGURES PRODUCTION SYSTEM;2023-12-26 10:01:24
79;DATA ANALYST CONFIGURES EVALUATION SYSTEM;2023-12-26 10:01:25
79;END;2023-12-26 10:01:25
57;START;2023-12-26 10:00:57
57;DATA ANALYST CONFIGURES INGESTION SYSTEM;2023-12-26 10:00:58
57;MACHINE LEARNING ENGINEER CONFIGURES PREPARATION SYSTEM;2023-12-26 10:00:59
57;DATA ANALYST CONFIGURES SEGREGATION SYSTEM;2023-12-26 10:01:00
57;MACHINE LEARNING ENGINEER CONFIGURES DEVELOPMENT SYSTEM;2023-12-26 10:01:01
57;DATA ANALYST CONFIGURES PRODUCTION SYSTEM;2023-12-26 10:01:02
57;DATA ANALYST CONFIGURES EVALUATION SYSTEM;2023-12-26 10:01:03
57;AUTOMOBILE DAMAGE APPRAISER LABELS RECORDS;2023-12-26 10:01:04
57;END;2023-12-26 10:01:04
99;START;2023-12-26 10:01:39
99;DATA ANALYST CONFIGURES INGESTION SYSTEM;2023-12-26 10:01:40
99;MACHINE LEARNING ENGINEER CONFIGURES PREPARATION SYSTEM;2023-12-26 10:01:41
99;DATA ANALYST CONFIGURES SEGREGATION SYSTEM;2023-12-26 10:01:42
99;MACHINE LEARNING ENGINEER CONFIGURES DEVELOPMENT SYSTEM;2023-12-26 10:01:43
99;DATA ANALYST CONFIGURES PRODUCTION SYSTEM;2023-12-26 10:01:44
99;DATA ANALYST CONFIGURES EVALUATION SYSTEM;2023-12-26 10:01:45
99;AUTOMOBILE DAMAGE APPRAISER LABELS RECORDS;2023-12-26 10:01:46
99;END;2023-12-26 10:01:46
35;START;2023-12-26 10:00:35
35;DATA ANALYST CONFIGURES INGESTION SYSTEM;2023-12-26 10:00:36
35;MACHINE LEARNING ENGINEER CONFIGURES PREPARATION SYSTEM;2023-12-26 10:00:37
35;DATA ANALYST CONFIGURES SEGREGATION SYSTEM;2023-12-26 10:00:38
35;MACHINE LEARNING ENGINEER CONFIGURES DEVELOPMENT SYSTEM;2023-12-26 10:00:39
35;DATA ANALYST CONFIGURES PRODUCTION SYSTEM;2023-12-26 10:00:40
35;DATA ANALYST CONFIGURES EVALUATION SYSTEM;2023-12-26 10:00:41
35;AUTOMOBILE DAMAGE APPRAISER LABELS RECORDS;2023-12-26 10:00:42
35;END;2023-12-26 10:00:42
56;START;2023-12-26 10:00:56
56;AUTOMOBILE DAMAGE APPRAISER LABELS RECORDS;2023-12-26 10:00:57
56;END;2023-12-26 10:00:57
13;START;2023-12-26 10:00:13
13;DATA ANALYST CONFIGURES INGESTION SYSTEM;2023-12-26 10:00:14
13;MACHINE LEARNING ENGINEER CONFIGURES PREPARATION SYSTEM;2023-12-26 10:00:15
13;DATA ANALYST CONFIGURES SEGREGATION SYSTEM;2023-12-26 10:00:16
13;MACHINE LEARNING ENGINEER CONFIGURES DEVELOPMENT SYSTEM;2023-12-26 10:00:17
13;DATA ANALYST CONFIGURES PRODUCTION SYSTEM;2023-12-26 10:00:18
13;DATA ANALYST CONFIGURES EVALUATION SYSTEM;2023-12-26 10:00:19
13;MACHINE LEARNING ENGINEER EVALUATES CLASSIFIER;2023-12-26 10:00:20
13;END;2023-12-26 10:00:20
78;START;2023-12-26 10:01:18
78;END;2023-12-26 10:01:18
34;START;2023-12-26 10:00:34
34;AUTOMOBILE DAMAGE APPRAISER LABELS RECORDS;2023-12-26 10:00:35
34;END;2023-12-26 10:00:35
55;START;2023-12-26 10:00:55
55;DATA ANALYST CONFIGURES INGESTION SYSTEM;2023-12-26 10:00:56
55;MACHINE LEARNING ENGINEER CONFIGURES PREPARATION SYSTEM;2023-12-26 10:00:57
55;DATA ANALYST CONFIGURES SEGREGATION SYSTEM;2023-12-26 10:00:58
55;MACHINE LEARNING ENGINEER CONFIGURES DEVELOPMENT SYSTEM;2023-12-26 10:00:59
55;DATA ANALYST CONFIGURES PRODUCTION SYSTEM;2023-12-26 10:01:00
55;DATA ANALYST CONFIGURES EVALUATION SYSTEM;2023-12-26 10:01:01
55;END;2023-12-26 10:01:01
98;START;2023-12-26 10:01:38
98;END;2023-12-26 10:01:38
12;START;2023-12-26 10:00:12
12;AUTOMOBILE DAMAGE APPRAISER LABELS RECORDS;2023-12-26 10:00:13
12;END;2023-12-26 10:00:13
77;START;2023-12-26 10:01:17
77;END;2023-12-26 10:01:17
32;START;2023-12-26 10:00:32
32;END;2023-12-26 10:00:32
53;START;2023-12-26 10:00:53
53;DATA ANALYST CONFIGURES INGESTION SYSTEM;2023-12-26 10:00:54
53;MACHINE LEARNING ENGINEER CONFIGURES PREPARATION SYSTEM;2023-12-26 10:00:55
53;DATA ANALYST CONFIGURES SEGREGATION SYSTEM;2023-12-26 10:00:56
53;MACHINE LEARNING ENGINEER CONFIGURES DEVELOPMENT SYSTEM;2023-12-26 10:00:57
53;DATA ANALYST CONFIGURES PRODUCTION SYSTEM;2023-12-26 10:00:58
53;DATA ANALYST CONFIGURES EVALUATION SYSTEM;2023-12-26 10:00:59
53;AUTOMOBILE DAMAGE APPRAISER LABELS RECORDS;2023-12-26 10:01:00
53;END;2023-12-26 10:01:00
95;START;2023-12-26 10:01:35
95;DATA ANALYST CONFIGURES INGESTION SYSTEM;2023-12-26 10:01:36
95;MACHINE LEARNING ENGINEER CONFIGURES PREPARATION SYSTEM;2023-12-26 10:01:37
95;DATA ANALYST CONFIGURES SEGREGATION SYSTEM;2023-12-26 10:01:38
95;MACHINE LEARNING ENGINEER CONFIGURES DEVELOPMENT SYSTEM;2023-12-26 10:01:39
95;DATA ANALYST CONFIGURES PRODUCTION SYSTEM;2023-12-26 10:01:40
95;DATA ANALYST CONFIGURES EVALUATION SYSTEM;2023-12-26 10:01:41
95;END;2023-12-26 10:01:41
96;START;2023-12-26 10:01:36
96;DATA ANALYST CONFIGURES INGESTION SYSTEM;2023-12-26 10:01:37
96;MACHINE LEARNING ENGINEER CONFIGURES PREPARATION SYSTEM;2023-12-26 10:01:38
96;DATA ANALYST CONFIGURES SEGREGATION SYSTEM;2023-12-26 10:01:39
96;MACHINE LEARNING ENGINEER CONFIGURES DEVELOPMENT SYSTEM;2023-12-26 10:01:40
96;DATA ANALYST CONFIGURES PRODUCTION SYSTEM;2023-12-26 10:01:41
96;DATA ANALYST CONFIGURES EVALUATION SYSTEM;2023-12-26 10:01:42
96;AUTOMOBILE DAMAGE APPRAISER LABELS RECORDS;2023-12-26 10:01:43
96;END;2023-12-26 10:01:43
31;START;2023-12-26 10:00:31
31;DATA ANALYST CONFIGURES INGESTION SYSTEM;2023-12-26 10:00:32
31;MACHINE LEARNING ENGINEER CONFIGURES PREPARATION SYSTEM;2023-12-26 10:00:33
31;DATA ANALYST CONFIGURES SEGREGATION SYSTEM;2023-12-26 10:00:34
31;MACHINE LEARNING ENGINEER CONFIGURES DEVELOPMENT SYSTEM;2023-12-26 10:00:35
31;DATA ANALYST CONFIGURES PRODUCTION SYSTEM;2023-12-26 10:00:36
31;DATA ANALYST CONFIGURES EVALUATION SYSTEM;2023-12-26 10:00:37
31;AUTOMOBILE DAMAGE APPRAISER LABELS RECORDS;2023-12-26 10:00:38
31;END;2023-12-26 10:00:38
33;START;2023-12-26 10:00:33
33;DATA ANALYST CONFIGURES INGESTION SYSTEM;2023-12-26 10:00:34
33;MACHINE LEARNING ENGINEER CONFIGURES PREPARATION SYSTEM;2023-12-26 10:00:35
33;DATA ANALYST CONFIGURES SEGREGATION SYSTEM;2023-12-26 10:00:36
33;MACHINE LEARNING ENGINEER CONFIGURES DEVELOPMENT SYSTEM;2023-12-26 10:00:37
33;DATA ANALYST CONFIGURES PRODUCTION SYSTEM;2023-12-26 10:00:38
33;DATA ANALYST CONFIGURES EVALUATION SYSTEM;2023-12-26 10:00:39
33;AUTOMOBILE DAMAGE APPRAISER LABELS RECORDS;2023-12-26 10:00:40
33;END;2023-12-26 10:00:40
52;START;2023-12-26 10:00:52
52;END;2023-12-26 10:00:52
54;START;2023-12-26 10:00:54
54;DATA ANALYST CONFIGURES INGESTION SYSTEM;2023-12-26 10:00:55
54;MACHINE LEARNING ENGINEER CONFIGURES PREPARATION SYSTEM;2023-12-26 10:00:56
54;DATA ANALYST CONFIGURES SEGREGATION SYSTEM;2023-12-26 10:00:57
54;MACHINE LEARNING ENGINEER CONFIGURES DEVELOPMENT SYSTEM;2023-12-26 10:00:58
54;DATA ANALYST CONFIGURES PRODUCTION SYSTEM;2023-12-26 10:00:59
54;DATA ANALYST CONFIGURES EVALUATION SYSTEM;2023-12-26 10:01:00
54;END;2023-12-26 10:01:00
102;START;2023-12-26 10:01:42
102;AUTOMOBILE DAMAGE APPRAISER LABELS RECORDS;2023-12-26 10:01:43
102;END;2023-12-26 10:01:43
11;START;2023-12-26 10:00:11
11;DATA ANALYST CONFIGURES INGESTION SYSTEM;2023-12-26 10:00:12
11;MACHINE LEARNING ENGINEER CONFIGURES PREPARATION SYSTEM;2023-12-26 10:00:13
11;DATA ANALYST CONFIGURES SEGREGATION SYSTEM;2023-12-26 10:00:14
11;MACHINE LEARNING ENGINEER CONFIGURES DEVELOPMENT SYSTEM;2023-12-26 10:00:15
11;DATA ANALYST CONFIGURES PRODUCTION SYSTEM;2023-12-26 10:00:16
11;DATA ANALYST CONFIGURES EVALUATION SYSTEM;2023-12-26 10:00:17
11;END;2023-12-26 10:00:17
74;START;2023-12-26 10:01:14
74;END;2023-12-26 10:01:14
76;START;2023-12-26 10:01:16
76;DATA ANALYST CONFIGURES INGESTION SYSTEM;2023-12-26 10:01:17
76;MACHINE LEARNING ENGINEER CONFIGURES PREPARATION SYSTEM;2023-12-26 10:01:18
76;DATA ANALYST CONFIGURES SEGREGATION SYSTEM;2023-12-26 10:01:19
76;MACHINE LEARNING ENGINEER CONFIGURES DEVELOPMENT SYSTEM;2023-12-26 10:01:20
76;DATA ANALYST CONFIGURES PRODUCTION SYSTEM;2023-12-26 10:01:21
76;DATA ANALYST CONFIGURES EVALUATION SYSTEM;2023-12-26 10:01:22
76;AUTOMOBILE DAMAGE APPRAISER LABELS RECORDS;2023-12-26 10:01:23
76;DATA ANALYST CHECKS DATA BALANCING;2023-12-26 10:01:24
76;DATA ANALYST CONFIGURES INGESTION SYSTEM;2023-12-26 10:01:25
76;MACHINE LEARNING ENGINEER CONFIGURES PREPARATION SYSTEM;2023-12-26 10:01:26
76;DATA ANALYST CONFIGURES SEGREGATION SYSTEM;2023-12-26 10:01:27
76;MACHINE LEARNING ENGINEER CONFIGURES DEVELOPMENT SYSTEM;2023-12-26 10:01:28
76;DATA ANALYST CONFIGURES PRODUCTION SYSTEM;2023-12-26 10:01:29
76;DATA ANALYST CONFIGURES EVALUATION SYSTEM;2023-12-26 10:01:30
76;AUTOMOBILE DAMAGE APPRAISER LABELS RECORDS;2023-12-26 10:01:31
76;END;2023-12-26 10:01:31
103;START;2023-12-26 10:01:43
103;DATA ANALYST CONFIGURES INGESTION SYSTEM;2023-12-26 10:01:44
103;MACHINE LEARNING ENGINEER CONFIGURES PREPARATION SYSTEM;2023-12-26 10:01:45
103;DATA ANALYST CONFIGURES SEGREGATION SYSTEM;2023-12-26 10:01:46
103;MACHINE LEARNING ENGINEER CONFIGURES DEVELOPMENT SYSTEM;2023-12-26 10:01:47
103;DATA ANALYST CONFIGURES PRODUCTION SYSTEM;2023-12-26 10:01:48
103;DATA ANALYST CONFIGURES EVALUATION SYSTEM;2023-12-26 10:01:49
103;END;2023-12-26 10:01:49
124;START;2023-12-26 10:02:04
124;END;2023-12-26 10:02:04
97;START;2023-12-26 10:01:37
97;END;2023-12-26 10:01:37
125;START;2023-12-26 10:02:05
125;DATA ANALYST CONFIGURES INGESTION SYSTEM;2023-12-26 10:02:06
125;MACHINE LEARNING ENGINEER CONFIGURES PREPARATION SYSTEM;2023-12-26 10:02:07
125;DATA ANALYST CONFIGURES SEGREGATION SYSTEM;2023-12-26 10:02:08
125;MACHINE LEARNING ENGINEER CONFIGURES DEVELOPMENT SYSTEM;2023-12-26 10:02:09
125;DATA ANALYST CONFIGURES PRODUCTION SYSTEM;2023-12-26 10:02:10
125;DATA ANALYST CONFIGURES EVALUATION SYSTEM;2023-12-26 10:02:11
125;AUTOMOBILE DAMAGE APPRAISER LABELS RECORDS;2023-12-26 10:02:12
125;END;2023-12-26 10:02:12
10;START;2023-12-26 10:00:10
10;DATA ANALYST CONFIGURES INGESTION SYSTEM;2023-12-26 10:00:11
10;MACHINE LEARNING ENGINEER CONFIGURES PREPARATION SYSTEM;2023-12-26 10:00:12
10;DATA ANALYST CONFIGURES SEGREGATION SYSTEM;2023-12-26 10:00:13
10;MACHINE LEARNING ENGINEER CONFIGURES DEVELOPMENT SYSTEM;2023-12-26 10:00:14
10;DATA ANALYST CONFIGURES PRODUCTION SYSTEM;2023-12-26 10:00:15
10;DATA ANALYST CONFIGURES EVALUATION SYSTEM;2023-12-26 10:00:16
10;AUTOMOBILE DAMAGE APPRAISER LABELS RECORDS;2023-12-26 10:00:17
10;END;2023-12-26 10:00:17
75;START;2023-12-26 10:01:15
75;DATA ANALYST CONFIGURES INGESTION SYSTEM;2023-12-26 10:01:16
75;MACHINE LEARNING ENGINEER CONFIGURES PREPARATION SYSTEM;2023-12-26 10:01:17
75;DATA ANALYST CONFIGURES SEGREGATION SYSTEM;2023-12-26 10:01:18
75;MACHINE LEARNING ENGINEER CONFIGURES DEVELOPMENT SYSTEM;2023-12-26 10:01:19
75;DATA ANALYST CONFIGURES PRODUCTION SYSTEM;2023-12-26 10:01:20
75;DATA ANALYST CONFIGURES EVALUATION SYSTEM;2023-12-26 10:01:21
75;END;2023-12-26 10:01:21
81;START;2023-12-26 10:01:21
81;AUTOMOBILE DAMAGE APPRAISER LABELS RECORDS;2023-12-26 10:01:22
81;MACHINE LEARNING ENGINEER EVALUATES CLASSIFIER;2023-12-26 10:01:23
81;END;2023-12-26 10:01:23
83;START;2023-12-26 10:01:23
83;DATA ANALYST CONFIGURES INGESTION SYSTEM;2023-12-26 10:01:24
83;MACHINE LEARNING ENGINEER CONFIGURES PREPARATION SYSTEM;2023-12-26 10:01:25
83;DATA ANALYST CONFIGURES SEGREGATION SYSTEM;2023-12-26 10:01:26
83;MACHINE LEARNING ENGINEER CONFIGURES DEVELOPMENT SYSTEM;2023-12-26 10:01:27
83;DATA ANALYST CONFIGURES PRODUCTION SYSTEM;2023-12-26 10:01:28
83;DATA ANALYST CONFIGURES EVALUATION SYSTEM;2023-12-26 10:01:29
83;END;2023-12-26 10:01:29
40;START;2023-12-26 10:00:40
40;DATA ANALYST CONFIGURES INGESTION SYSTEM;2023-12-26 10:00:41
40;MACHINE LEARNING ENGINEER CONFIGURES PREPARATION SYSTEM;2023-12-26 10:00:42
40;DATA ANALYST CONFIGURES SEGREGATION SYSTEM;2023-12-26 10:00:43
40;MACHINE LEARNING ENGINEER CONFIGURES DEVELOPMENT SYSTEM;2023-12-26 10:00:44
40;DATA ANALYST CONFIGURES PRODUCTION SYSTEM;2023-12-26 10:00:45
40;DATA ANALYST CONFIGURES EVALUATION SYSTEM;2023-12-26 10:00:46
40;END;2023-12-26 10:00:46
41;START;2023-12-26 10:00:41
41;AUTOMOBILE DAMAGE APPRAISER LABELS RECORDS;2023-12-26 10:00:42
41;END;2023-12-26 10:00:42
80;START;2023-12-26 10:01:20
80;MACHINE LEARNING ENGINEER EVALUATES CLASSIFIER;2023-12-26 10:01:21
80;END;2023-12-26 10:01:21
84;START;2023-12-26 10:01:24
84;AUTOMOBILE DAMAGE APPRAISER LABELS RECORDS;2023-12-26 10:01:25
84;END;2023-12-26 10:01:25
82;START;2023-12-26 10:01:22
82;AUTOMOBILE DAMAGE APPRAISER LABELS RECORDS;2023-12-26 10:01:23
82;DATA ANALYST CHECKS COVERAGE;2023-12-26 10:01:24
82;MACHINE LEARNING ENGINEER SETS #ITERATIONS;2023-12-26 10:01:25
82;MACHINE LEARNING ENGINEER CHECKS LEARNING PLOT;2023-12-26 10:01:26
82;MACHINE LEARNING ENGINEER CHECKS VALIDATION RESULTS;2023-12-26 10:01:27
82;MACHINE LEARNING ENGINEER SETS #ITERATIONS;2023-12-26 10:01:28
82;MACHINE LEARNING ENGINEER CHECKS LEARNING PLOT;2023-12-26 10:01:29
82;MACHINE LEARNING ENGINEER CHECKS VALIDATION RESULTS;2023-12-26 10:01:30
82;MACHINE LEARNING ENGINEER SETS #ITERATIONS;2023-12-26 10:01:31
82;MACHINE LEARNING ENGINEER CHECKS LEARNING PLOT;2023-12-26 10:01:32
82;MACHINE LEARNING ENGINEER SETS #ITERATIONS;2023-12-26 10:01:33
82;MACHINE LEARNING ENGINEER CHECKS LEARNING PLOT;2023-12-26 10:01:34
82;MACHINE LEARNING ENGINEER SETS #ITERATIONS;2023-12-26 10:01:35
82;MACHINE LEARNING ENGINEER CHECKS LEARNING PLOT;2023-12-26 10:01:36
82;MACHINE LEARNING ENGINEER CHECKS VALIDATION RESULTS;2023-12-26 10:01:37
82;MACHINE LEARNING ENGINEER CHECKS TEST RESULTS;2023-12-26 10:01:38
82;DATA ANALYST CONFIGURES INGESTION SYSTEM;2023-12-26 10:01:39
82;MACHINE LEARNING ENGINEER CONFIGURES PREPARATION SYSTEM;2023-12-26 10:01:40
82;DATA ANALYST CONFIGURES SEGREGATION SYSTEM;2023-12-26 10:01:41
82;MACHINE LEARNING ENGINEER CONFIGURES DEVELOPMENT SYSTEM;2023-12-26 10:01:42
82;DATA ANALYST CONFIGURES PRODUCTION SYSTEM;2023-12-26 10:01:43
82;DATA ANALYST CONFIGURES EVALUATION SYSTEM;2023-12-26 10:01:44
82;AUTOMOBILE DAMAGE APPRAISER LABELS RECORDS;2023-12-26 10:01:45
82;END;2023-12-26 10:01:45
47;START;2023-12-26 10:00:47
47;END;2023-12-26 10:00:47
48;START;2023-12-26 10:00:48
48;DATA ANALYST CONFIGURES INGESTION SYSTEM;2023-12-26 10:00:49
48;MACHINE LEARNING ENGINEER CONFIGURES PREPARATION SYSTEM;2023-12-26 10:00:50
48;DATA ANALYST CONFIGURES SEGREGATION SYSTEM;2023-12-26 10:00:51
48;MACHINE LEARNING ENGINEER CONFIGURES DEVELOPMENT SYSTEM;2023-12-26 10:00:52
48;DATA ANALYST CONFIGURES PRODUCTION SYSTEM;2023-12-26 10:00:53
48;DATA ANALYST CONFIGURES EVALUATION SYSTEM;2023-12-26 10:00:54
48;END;2023-12-26 10:00:54
49;START;2023-12-26 10:00:49
49;END;2023-12-26 10:00:49
130;START;2023-12-26 10:02:10
130;DATA ANALYST CONFIGURES INGESTION SYSTEM;2023-12-26 10:02:11
130;MACHINE LEARNING ENGINEER CONFIGURES PREPARATION SYSTEM;2023-12-26 10:02:12
130;DATA ANALYST CONFIGURES SEGREGATION SYSTEM;2023-12-26 10:02:13
130;MACHINE LEARNING ENGINEER CONFIGURES DEVELOPMENT SYSTEM;2023-12-26 10:02:14
130;DATA ANALYST CONFIGURES PRODUCTION SYSTEM;2023-12-26 10:02:15
130;DATA ANALYST CONFIGURES EVALUATION SYSTEM;2023-12-26 10:02:16
130;AUTOMOBILE DAMAGE APPRAISER LABELS RECORDS;2023-12-26 10:02:17
130;END;2023-12-26 10:02:17
136;START;2023-12-26 10:02:16
136;END;2023-12-26 10:02:16
137;START;2023-12-26 10:02:17
137;DATA ANALYST CONFIGURES INGESTION SYSTEM;2023-12-26 10:02:18
137;MACHINE LEARNING ENGINEER CONFIGURES PREPARATION SYSTEM;2023-12-26 10:02:19
137;DATA ANALYST CONFIGURES SEGREGATION SYSTEM;2023-12-26 10:02:20
137;MACHINE LEARNING ENGINEER CONFIGURES DEVELOPMENT SYSTEM;2023-12-26 10:02:21
137;DATA ANALYST CONFIGURES PRODUCTION SYSTEM;2023-12-26 10:02:22
137;DATA ANALYST CONFIGURES EVALUATION SYSTEM;2023-12-26 10:02:23
137;AUTOMOBILE DAMAGE APPRAISER LABELS RECORDS;2023-12-26 10:02:24
137;MACHINE LEARNING ENGINEER EVALUATES CLASSIFIER;2023-12-26 10:02:25
137;DATA ANALYST CONFIGURES INGESTION SYSTEM;2023-12-26 10:02:26
137;MACHINE LEARNING ENGINEER CONFIGURES PREPARATION SYSTEM;2023-12-26 10:02:27
137;DATA ANALYST CONFIGURES SEGREGATION SYSTEM;2023-12-26 10:02:28
137;MACHINE LEARNING ENGINEER CONFIGURES DEVELOPMENT SYSTEM;2023-12-26 10:02:29
137;DATA ANALYST CONFIGURES PRODUCTION SYSTEM;2023-12-26 10:02:30
137;DATA ANALYST CONFIGURES EVALUATION SYSTEM;2023-12-26 10:02:31
137;AUTOMOBILE DAMAGE APPRAISER LABELS RECORDS;2023-12-26 10:02:32
137;END;2023-12-26 10:02:32
115;START;2023-12-26 10:01:55
115;AUTOMOBILE DAMAGE APPRAISER LABELS RECORDS;2023-12-26 10:01:56
115;END;2023-12-26 10:01:56
117;START;2023-12-26 10:01:57
117;DATA ANALYST CONFIGURES INGESTION SYSTEM;2023-12-26 10:01:58
117;MACHINE LEARNING ENGINEER CONFIGURES PREPARATION SYSTEM;2023-12-26 10:01:59
117;DATA ANALYST CONFIGURES SEGREGATION SYSTEM;2023-12-26 10:02:00
117;MACHINE LEARNING ENGINEER CONFIGURES DEVELOPMENT SYSTEM;2023-12-26 10:02:01
117;DATA ANALYST CONFIGURES PRODUCTION SYSTEM;2023-12-26 10:02:02
117;DATA ANALYST CONFIGURES EVALUATION SYSTEM;2023-12-26 10:02:03
117;AUTOMOBILE DAMAGE APPRAISER LABELS RECORDS;2023-12-26 10:02:04
117;DATA ANALYST CHECKS DATA BALANCING;2023-12-26 10:02:05
117;DATA ANALYST CHECKS COVERAGE;2023-12-26 10:02:06
117;DATA ANALYST CONFIGURES INGESTION SYSTEM;2023-12-26 10:02:07
117;MACHINE LEARNING ENGINEER CONFIGURES PREPARATION SYSTEM;2023-12-26 10:02:08
117;DATA ANALYST CONFIGURES SEGREGATION SYSTEM;2023-12-26 10:02:09
117;MACHINE LEARNING ENGINEER CONFIGURES DEVELOPMENT SYSTEM;2023-12-26 10:02:10
117;DATA ANALYST CONFIGURES PRODUCTION SYSTEM;2023-12-26 10:02:11
117;DATA ANALYST CONFIGURES EVALUATION SYSTEM;2023-12-26 10:02:12
117;AUTOMOBILE DAMAGE APPRAISER LABELS RECORDS;2023-12-26 10:02:13
117;END;2023-12-26 10:02:13
134;START;2023-12-26 10:02:14
134;MACHINE LEARNING ENGINEER EVALUATES CLASSIFIER;2023-12-26 10:02:15
134;END;2023-12-26 10:02:15
138;START;2023-12-26 10:02:18
138;DATA ANALYST CONFIGURES INGESTION SYSTEM;2023-12-26 10:02:19
138;MACHINE LEARNING ENGINEER CONFIGURES PREPARATION SYSTEM;2023-12-26 10:02:20
138;DATA ANALYST CONFIGURES SEGREGATION SYSTEM;2023-12-26 10:02:21
138;MACHINE LEARNING ENGINEER CONFIGURES DEVELOPMENT SYSTEM;2023-12-26 10:02:22
138;DATA ANALYST CONFIGURES PRODUCTION SYSTEM;2023-12-26 10:02:23
138;DATA ANALYST CONFIGURES EVALUATION SYSTEM;2023-12-26 10:02:24
138;END;2023-12-26 10:02:24
112;START;2023-12-26 10:01:52
112;DATA ANALYST CONFIGURES INGESTION SYSTEM;2023-12-26 10:01:53
112;MACHINE LEARNING ENGINEER CONFIGURES PREPARATION SYSTEM;2023-12-26 10:01:54
112;DATA ANALYST CONFIGURES SEGREGATION SYSTEM;2023-12-26 10:01:55
112;MACHINE LEARNING ENGINEER CONFIGURES DEVELOPMENT SYSTEM;2023-12-26 10:01:56
112;DATA ANALYST CONFIGURES PRODUCTION SYSTEM;2023-12-26 10:01:57
112;DATA ANALYST CONFIGURES EVALUATION SYSTEM;2023-12-26 10:01:58
112;AUTOMOBILE DAMAGE APPRAISER LABELS RECORDS;2023-12-26 10:01:59
112;END;2023-12-26 10:01:59
116;START;2023-12-26 10:01:56
116;DATA ANALYST CONFIGURES INGESTION SYSTEM;2023-12-26 10:01:57
116;MACHINE LEARNING ENGINEER CONFIGURES PREPARATION SYSTEM;2023-12-26 10:01:58
116;DATA ANALYST CONFIGURES SEGREGATION SYSTEM;2023-12-26 10:01:59
116;MACHINE LEARNING ENGINEER CONFIGURES DEVELOPMENT SYSTEM;2023-12-26 10:02:00
116;DATA ANALYST CONFIGURES PRODUCTION SYSTEM;2023-12-26 10:02:01
116;DATA ANALYST CONFIGURES EVALUATION SYSTEM;2023-12-26 10:02:02
116;AUTOMOBILE DAMAGE APPRAISER LABELS RECORDS;2023-12-26 10:02:03
116;END;2023-12-26 10:02:03
133;START;2023-12-26 10:02:13
133;DATA ANALYST CONFIGURES INGESTION SYSTEM;2023-12-26 10:02:14
133;MACHINE LEARNING ENGINEER CONFIGURES PREPARATION SYSTEM;2023-12-26 10:02:15
133;DATA ANALYST CONFIGURES SEGREGATION SYSTEM;2023-12-26 10:02:16
133;MACHINE LEARNING ENGINEER CONFIGURES DEVELOPMENT SYSTEM;2023-12-26 10:02:17
133;DATA ANALYST CONFIGURES PRODUCTION SYSTEM;2023-12-26 10:02:18
133;DATA ANALYST CONFIGURES EVALUATION SYSTEM;2023-12-26 10:02:19
133;AUTOMOBILE DAMAGE APPRAISER LABELS RECORDS;2023-12-26 10:02:20
133;MACHINE LEARNING ENGINEER EVALUATES CLASSIFIER;2023-12-26 10:02:21
133;DATA ANALYST CONFIGURES INGESTION SYSTEM;2023-12-26 10:02:22
133;MACHINE LEARNING ENGINEER CONFIGURES PREPARATION SYSTEM;2023-12-26 10:02:23
133;DATA ANALYST CONFIGURES SEGREGATION SYSTEM;2023-12-26 10:02:24
133;MACHINE LEARNING ENGINEER CONFIGURES DEVELOPMENT SYSTEM;2023-12-26 10:02:25
133;DATA ANALYST CONFIGURES PRODUCTION SYSTEM;2023-12-26 10:02:26
133;DATA ANALYST CONFIGURES EVALUATION SYSTEM;2023-12-26 10:02:27
133;END;2023-12-26 10:02:27
111;START;2023-12-26 10:01:51
111;AUTOMOBILE DAMAGE APPRAISER LABELS RECORDS;2023-12-26 10:01:52
111;END;2023-12-26 10:01:52
119;START;2023-12-26 10:01:59
119;AUTOMOBILE DAMAGE APPRAISER LABELS RECORDS;2023-12-26 10:02:00
119;END;2023-12-26 10:02:00
131;START;2023-12-26 10:02:11
131;DATA ANALYST CONFIGURES INGESTION SYSTEM;2023-12-26 10:02:12
131;MACHINE LEARNING ENGINEER CONFIGURES PREPARATION SYSTEM;2023-12-26 10:02:13
131;DATA ANALYST CONFIGURES SEGREGATION SYSTEM;2023-12-26 10:02:14
131;MACHINE LEARNING ENGINEER CONFIGURES DEVELOPMENT SYSTEM;2023-12-26 10:02:15
131;DATA ANALYST CONFIGURES PRODUCTION SYSTEM;2023-12-26 10:02:16
131;DATA ANALYST CONFIGURES EVALUATION SYSTEM;2023-12-26 10:02:17
131;END;2023-12-26 10:02:17
139;START;2023-12-26 10:02:19
139;DATA ANALYST CONFIGURES INGESTION SYSTEM;2023-12-26 10:02:20
139;MACHINE LEARNING ENGINEER CONFIGURES PREPARATION SYSTEM;2023-12-26 10:02:21
139;DATA ANALYST CONFIGURES SEGREGATION SYSTEM;2023-12-26 10:02:22
139;MACHINE LEARNING ENGINEER CONFIGURES DEVELOPMENT SYSTEM;2023-12-26 10:02:23
139;DATA ANALYST CONFIGURES PRODUCTION SYSTEM;2023-12-26 10:02:24
139;DATA ANALYST CONFIGURES EVALUATION SYSTEM;2023-12-26 10:02:25
139;AUTOMOBILE DAMAGE APPRAISER LABELS RECORDS;2023-12-26 10:02:26
139;END;2023-12-26 10:02:26
132;START;2023-12-26 10:02:12
132;DATA ANALYST CONFIGURES INGESTION SYSTEM;2023-12-26 10:02:13
132;MACHINE LEARNING ENGINEER CONFIGURES PREPARATION SYSTEM;2023-12-26 10:02:14
132;DATA ANALYST CONFIGURES SEGREGATION SYSTEM;2023-12-26 10:02:15
132;MACHINE LEARNING ENGINEER CONFIGURES DEVELOPMENT SYSTEM;2023-12-26 10:02:16
132;DATA ANALYST CONFIGURES PRODUCTION SYSTEM;2023-12-26 10:02:17
132;DATA ANALYST CONFIGURES EVALUATION SYSTEM;2023-12-26 10:02:18
132;AUTOMOBILE DAMAGE APPRAISER LABELS RECORDS;2023-12-26 10:02:19
132;END;2023-12-26 10:02:19
68;START;2023-12-26 10:01:08
68;DATA ANALYST CONFIGURES INGESTION SYSTEM;2023-12-26 10:01:09
68;MACHINE LEARNING ENGINEER CONFIGURES PREPARATION SYSTEM;2023-12-26 10:01:10
68;DATA ANALYST CONFIGURES SEGREGATION SYSTEM;2023-12-26 10:01:11
68;MACHINE LEARNING ENGINEER CONFIGURES DEVELOPMENT SYSTEM;2023-12-26 10:01:12
68;DATA ANALYST CONFIGURES PRODUCTION SYSTEM;2023-12-26 10:01:13
68;DATA ANALYST CONFIGURES EVALUATION SYSTEM;2023-12-26 10:01:14
68;AUTOMOBILE DAMAGE APPRAISER LABELS RECORDS;2023-12-26 10:01:15
68;END;2023-12-26 10:01:15
110;START;2023-12-26 10:01:50
110;END;2023-12-26 10:01:50
118;START;2023-12-26 10:01:58
118;DATA ANALYST CONFIGURES INGESTION SYSTEM;2023-12-26 10:01:59
118;MACHINE LEARNING ENGINEER CONFIGURES PREPARATION SYSTEM;2023-12-26 10:02:00
118;DATA ANALYST CONFIGURES SEGREGATION SYSTEM;2023-12-26 10:02:01
118;MACHINE LEARNING ENGINEER CONFIGURES DEVELOPMENT SYSTEM;2023-12-26 10:02:02
118;DATA ANALYST CONFIGURES PRODUCTION SYSTEM;2023-12-26 10:02:03
118;DATA ANALYST CONFIGURES EVALUATION SYSTEM;2023-12-26 10:02:04
118;END;2023-12-26 10:02:04
89;START;2023-12-26 10:01:29
89;DATA ANALYST CONFIGURES INGESTION SYSTEM;2023-12-26 10:01:30
89;MACHINE LEARNING ENGINEER CONFIGURES PREPARATION SYSTEM;2023-12-26 10:01:31
89;DATA ANALYST CONFIGURES SEGREGATION SYSTEM;2023-12-26 10:01:32
89;MACHINE LEARNING ENGINEER CONFIGURES DEVELOPMENT SYSTEM;2023-12-26 10:01:33
89;DATA ANALYST CONFIGURES PRODUCTION SYSTEM;2023-12-26 10:01:34
89;DATA ANALYST CONFIGURES EVALUATION SYSTEM;2023-12-26 10:01:35
89;END;2023-12-26 10:01:35
46;START;2023-12-26 10:00:46
46;DATA ANALYST CONFIGURES INGESTION SYSTEM;2023-12-26 10:00:47
46;MACHINE LEARNING ENGINEER CONFIGURES PREPARATION SYSTEM;2023-12-26 10:00:48
46;DATA ANALYST CONFIGURES SEGREGATION SYSTEM;2023-12-26 10:00:49
46;MACHINE LEARNING ENGINEER CONFIGURES DEVELOPMENT SYSTEM;2023-12-26 10:00:50
46;DATA ANALYST CONFIGURES PRODUCTION SYSTEM;2023-12-26 10:00:51
46;DATA ANALYST CONFIGURES EVALUATION SYSTEM;2023-12-26 10:00:52
46;AUTOMOBILE DAMAGE APPRAISER LABELS RECORDS;2023-12-26 10:00:53
46;END;2023-12-26 10:00:53
24;START;2023-12-26 10:00:24
24;END;2023-12-26 10:00:24
67;START;2023-12-26 10:01:07
67;AUTOMOBILE DAMAGE APPRAISER LABELS RECORDS;2023-12-26 10:01:08
67;END;2023-12-26 10:01:08
87;START;2023-12-26 10:01:27
87;DATA ANALYST CONFIGURES INGESTION SYSTEM;2023-12-26 10:01:28
87;MACHINE LEARNING ENGINEER CONFIGURES PREPARATION SYSTEM;2023-12-26 10:01:29
87;DATA ANALYST CONFIGURES SEGREGATION SYSTEM;2023-12-26 10:01:30
87;MACHINE LEARNING ENGINEER CONFIGURES DEVELOPMENT SYSTEM;2023-12-26 10:01:31
87;DATA ANALYST CONFIGURES PRODUCTION SYSTEM;2023-12-26 10:01:32
87;DATA ANALYST CONFIGURES EVALUATION SYSTEM;2023-12-26 10:01:33
87;END;2023-12-26 10:01:33
44;START;2023-12-26 10:00:44
44;DATA ANALYST CONFIGURES INGESTION SYSTEM;2023-12-26 10:00:45
44;MACHINE LEARNING ENGINEER CONFIGURES PREPARATION SYSTEM;2023-12-26 10:00:46
44;DATA ANALYST CONFIGURES SEGREGATION SYSTEM;2023-12-26 10:00:47
44;MACHINE LEARNING ENGINEER CONFIGURES DEVELOPMENT SYSTEM;2023-12-26 10:00:48
44;DATA ANALYST CONFIGURES PRODUCTION SYSTEM;2023-12-26 10:00:49
44;DATA ANALYST CONFIGURES EVALUATION SYSTEM;2023-12-26 10:00:50
44;AUTOMOBILE DAMAGE APPRAISER LABELS RECORDS;2023-12-26 10:00:51
44;END;2023-12-26 10:00:51
45;START;2023-12-26 10:00:45
45;DATA ANALYST CONFIGURES INGESTION SYSTEM;2023-12-26 10:00:46
45;MACHINE LEARNING ENGINEER CONFIGURES PREPARATION SYSTEM;2023-12-26 10:00:47
45;DATA ANALYST CONFIGURES SEGREGATION SYSTEM;2023-12-26 10:00:48
45;MACHINE LEARNING ENGINEER CONFIGURES DEVELOPMENT SYSTEM;2023-12-26 10:00:49
45;DATA ANALYST CONFIGURES PRODUCTION SYSTEM;2023-12-26 10:00:50
45;DATA ANALYST CONFIGURES EVALUATION SYSTEM;2023-12-26 10:00:51
45;END;2023-12-26 10:00:51
88;START;2023-12-26 10:01:28
88;END;2023-12-26 10:01:28
23;START;2023-12-26 10:00:23
23;AUTOMOBILE DAMAGE APPRAISER LABELS RECORDS;2023-12-26 10:00:24
23;END;2023-12-26 10:00:24
66;START;2023-12-26 10:01:06
66;DATA ANALYST CONFIGURES INGESTION SYSTEM;2023-12-26 10:01:07
66;MACHINE LEARNING ENGINEER CONFIGURES PREPARATION SYSTEM;2023-12-26 10:01:08
66;DATA ANALYST CONFIGURES SEGREGATION SYSTEM;2023-12-26 10:01:09
66;MACHINE LEARNING ENGINEER CONFIGURES DEVELOPMENT SYSTEM;2023-12-26 10:01:10
66;DATA ANALYST CONFIGURES PRODUCTION SYSTEM;2023-12-26 10:01:11
66;DATA ANALYST CONFIGURES EVALUATION SYSTEM;2023-12-26 10:01:12
66;AUTOMOBILE DAMAGE APPRAISER LABELS RECORDS;2023-12-26 10:01:13
66;END;2023-12-26 10:01:13
85;START;2023-12-26 10:01:25
85;END;2023-12-26 10:01:25
42;START;2023-12-26 10:00:42
42;AUTOMOBILE DAMAGE APPRAISER LABELS RECORDS;2023-12-26 10:00:43
42;END;2023-12-26 10:00:43
43;START;2023-12-26 10:00:43
43;AUTOMOBILE DAMAGE APPRAISER LABELS RECORDS;2023-12-26 10:00:44
43;END;2023-12-26 10:00:44
20;START;2023-12-26 10:00:20
20;AUTOMOBILE DAMAGE APPRAISER LABELS RECORDS;2023-12-26 10:00:21
20;END;2023-12-26 10:00:21
22;START;2023-12-26 10:00:22
22;DATA ANALYST CONFIGURES INGESTION SYSTEM;2023-12-26 10:00:23
22;MACHINE LEARNING ENGINEER CONFIGURES PREPARATION SYSTEM;2023-12-26 10:00:24
22;DATA ANALYST CONFIGURES SEGREGATION SYSTEM;2023-12-26 10:00:25
22;MACHINE LEARNING ENGINEER CONFIGURES DEVELOPMENT SYSTEM;2023-12-26 10:00:26
22;DATA ANALYST CONFIGURES PRODUCTION SYSTEM;2023-12-26 10:00:27
22;DATA ANALYST CONFIGURES EVALUATION SYSTEM;2023-12-26 10:00:28
22;END;2023-12-26 10:00:28
63;START;2023-12-26 10:01:03
63;END;2023-12-26 10:01:03
65;START;2023-12-26 10:01:05
65;DATA ANALYST CONFIGURES INGESTION SYSTEM;2023-12-26 10:01:06
65;MACHINE LEARNING ENGINEER CONFIGURES PREPARATION SYSTEM;2023-12-26 10:01:07
65;DATA ANALYST CONFIGURES SEGREGATION SYSTEM;2023-12-26 10:01:08
65;MACHINE LEARNING ENGINEER CONFIGURES DEVELOPMENT SYSTEM;2023-12-26 10:01:09
65;DATA ANALYST CONFIGURES PRODUCTION SYSTEM;2023-12-26 10:01:10
65;DATA ANALYST CONFIGURES EVALUATION SYSTEM;2023-12-26 10:01:11
65;END;2023-12-26 10:01:11
113;START;2023-12-26 10:01:53
113;DATA ANALYST CONFIGURES INGESTION SYSTEM;2023-12-26 10:01:54
113;MACHINE LEARNING ENGINEER CONFIGURES PREPARATION SYSTEM;2023-12-26 10:01:55
113;DATA ANALYST CONFIGURES SEGREGATION SYSTEM;2023-12-26 10:01:56
113;MACHINE LEARNING ENGINEER CONFIGURES DEVELOPMENT SYSTEM;2023-12-26 10:01:57
113;DATA ANALYST CONFIGURES PRODUCTION SYSTEM;2023-12-26 10:01:58
113;DATA ANALYST CONFIGURES EVALUATION SYSTEM;2023-12-26 10:01:59
113;AUTOMOBILE DAMAGE APPRAISER LABELS RECORDS;2023-12-26 10:02:00
113;END;2023-12-26 10:02:00
135;START;2023-12-26 10:02:15
135;DATA ANALYST CONFIGURES INGESTION SYSTEM;2023-12-26 10:02:16
135;MACHINE LEARNING ENGINEER CONFIGURES PREPARATION SYSTEM;2023-12-26 10:02:17
135;DATA ANALYST CONFIGURES SEGREGATION SYSTEM;2023-12-26 10:02:18
135;MACHINE LEARNING ENGINEER CONFIGURES DEVELOPMENT SYSTEM;2023-12-26 10:02:19
135;DATA ANALYST CONFIGURES PRODUCTION SYSTEM;2023-12-26 10:02:20
135;DATA ANALYST CONFIGURES EVALUATION SYSTEM;2023-12-26 10:02:21
135;AUTOMOBILE DAMAGE APPRAISER LABELS RECORDS;2023-12-26 10:02:22
135;END;2023-12-26 10:02:22
86;START;2023-12-26 10:01:26
86;END;2023-12-26 10:01:26
21;START;2023-12-26 10:00:21
21;DATA ANALYST CONFIGURES INGESTION SYSTEM;2023-12-26 10:00:22
21;MACHINE LEARNING ENGINEER CONFIGURES PREPARATION SYSTEM;2023-12-26 10:00:23
21;DATA ANALYST CONFIGURES SEGREGATION SYSTEM;2023-12-26 10:00:24
21;MACHINE LEARNING ENGINEER CONFIGURES DEVELOPMENT SYSTEM;2023-12-26 10:00:25
21;DATA ANALYST CONFIGURES PRODUCTION SYSTEM;2023-12-26 10:00:26
21;DATA ANALYST CONFIGURES EVALUATION SYSTEM;2023-12-26 10:00:27
21;AUTOMOBILE DAMAGE APPRAISER LABELS RECORDS;2023-12-26 10:00:28
21;END;2023-12-26 10:00:28
64;START;2023-12-26 10:01:04
64;DATA ANALYST CONFIGURES INGESTION SYSTEM;2023-12-26 10:01:05
64;MACHINE LEARNING ENGINEER CONFIGURES PREPARATION SYSTEM;2023-12-26 10:01:06
64;DATA ANALYST CONFIGURES SEGREGATION SYSTEM;2023-12-26 10:01:07
64;MACHINE LEARNING ENGINEER CONFIGURES DEVELOPMENT SYSTEM;2023-12-26 10:01:08
64;DATA ANALYST CONFIGURES PRODUCTION SYSTEM;2023-12-26 10:01:09
64;DATA ANALYST CONFIGURES EVALUATION SYSTEM;2023-12-26 10:01:10
64;AUTOMOBILE DAMAGE APPRAISER LABELS RECORDS;2023-12-26 10:01:11
64;END;2023-12-26 10:01:11
114;START;2023-12-26 10:01:54
114;AUTOMOBILE DAMAGE APPRAISER LABELS RECORDS;2023-12-26 10:01:55
114;END;2023-12-26 10:01:55
